codigo,anio,mes,demanda_total,n_ots,precio_unitario_promedio,km_promedio,marca,stock_actual,stock_minimo,stock_maximo,fecha,lag_1,lag_3,lag_6,lag_12,rolling_mean_3,rolling_std_3,rolling_mean_6,rolling_std_6,mes_sin,mes_cos,km_log,km_por_mes,precio_log,sobre_stock,codigo_enc,marca_enc
01001-01001,2025,3,24.0,4,58.745,75774.25,WOLVER,0.0,0.0,0.0,2025-03-01,17.0,6.0,63.0,5.0,30.5,17.6705970470723,22.416666666666668,15.704829405844135,1.0,6.123233995736766e-17,11.235527001161737,3.7451756670539122,4.090085505301717,0,0,0
01001-01001,2025,4,31.0,5,56.65999999999999,59538.2,WOLVER,0.0,0.0,0.0,2025-04-01,24.0,50.5,26.0,42.0,24.0,7.000000000000026,23.25,16.06160016934801,0.8660254037844387,-0.4999999999999998,10.994390198134186,2.7485975495335464,4.054563692210256,0,0,0
01001-01001,2025,5,19.0,3,56.66,42741.66666666666,WOLVER,0.0,0.0,0.0,2025-05-01,31.0,17.0,11.0,41.0,24.666666666666668,6.027713773341738,24.583333333333332,15.147331998298139,0.49999999999999994,-0.8660254037844387,10.66295291968923,2.132590583937846,4.054563692210256,0,0,0
01001-01001,2025,6,6.0,1,66.86,97417.0,WOLVER,0.0,0.0,0.0,2025-06-01,19.0,24.0,6.0,24.0,18.666666666666668,12.503332889007385,24.583333333333332,15.147331998298139,1.2246467991473532e-16,-1.0,11.486766277484431,1.9144610462474052,4.2174467593560845,0,0,0
01001-01001,2025,8,6.0,1,56.66,51278.0,WOLVER,0.0,0.0,0.0,2025-08-01,6.0,31.0,50.5,30.0,10.333333333333334,7.505553499465172,17.166666666666668,9.907909298467898,-0.8660254037844385,-0.5000000000000004,10.845036590624378,1.3556295738280473,4.054563692210256,0,0,0
01001-01001,2025,9,26.0,4,56.66,92360.25,WOLVER,0.0,0.0,0.0,2025-09-01,6.0,19.0,17.0,53.0,12.666666666666666,11.547005383792536,18.666666666666668,10.538817137927133,-1.0,-1.8369701987210297e-16,11.433462797374249,1.2703847552638055,4.054563692210256,0,0,0
01001-01001,2025,10,11.0,2,56.66,66479.5,WOLVER,0.0,0.0,0.0,2025-10-01,26.0,6.0,24.0,63.0,14.333333333333334,10.408329997330688,16.5,10.559356040971435,-0.8660254037844386,0.5000000000000001,11.104663950560012,1.1104663950560012,4.054563692210256,0,0,0
01001-01001,2025,11,19.0,3,56.66,85296.66666666667,WOLVER,0.0,0.0,0.0,2025-11-01,11.0,6.0,31.0,26.0,18.666666666666668,7.505553499465163,14.5,8.117881497040958,-0.5000000000000004,0.8660254037844384,11.353902378670305,1.0321729435154823,4.054563692210256,0,0,0
01001-01001,2025,12,7.0,1,56.66,81225.0,WOLVER,0.0,0.0,0.0,2025-12-01,19.0,26.0,19.0,11.0,12.333333333333334,6.110100926607828,12.5,8.264381404557753,-2.4492935982947064e-16,1.0,11.30499067194197,0.9420825559951642,4.054563692210256,0,0,0
01001-01001,2026,1,29.0,5,56.65999999999999,150853.0,WOLVER,0.0,0.0,0.0,2026-01-01,7.0,11.0,6.0,6.0,18.333333333333332,11.015141094572222,16.333333333333332,9.831920802501749,0.49999999999999994,0.8660254037844387,11.92406776064268,11.92406776064268,4.054563692210256,0,0,0
01001-01001,2026,2,42.0,7,57.137142857142855,82355.28571428571,WOLVER,0.0,0.0,0.0,2026-02-01,29.0,19.0,6.0,50.5,26.0,17.691806012954142,22.333333333333332,12.801041624284588,0.8660254037844386,0.5000000000000001,11.318810061949513,5.659405030974757,4.062804751459196,0,0,0
01001-01001,2026,3,17.0,3,56.66,47783.0,WOLVER,0.0,0.0,0.0,2026-03-01,42.0,7.0,26.0,17.0,29.333333333333332,12.50333288900738,20.833333333333332,12.81275406252171,1.0,6.123233995736766e-17,10.774446134412141,3.591482044804047,4.054563692210256,0,0,0
01001-01001,2026,4,12.0,2,56.66,85027.0,WOLVER,0.0,0.0,0.0,2026-04-01,17.0,29.0,11.0,24.0,23.666666666666668,16.072751268321603,21.0,12.664912159190047,0.8660254037844387,-0.4999999999999998,11.350735892993017,2.837683973248254,4.054563692210256,0,0,0
01001-01001,2026,5,19.5,4,55.77,62395.75,WOLVER,0.0,0.0,0.0,2026-05-01,12.0,42.0,19.0,31.0,16.166666666666668,3.8188130791299306,21.083333333333332,12.650757553074305,0.49999999999999994,-0.8660254037844387,11.041268469667802,2.2082536939335604,4.039008017182635,0,0,0
01001-01002,2025,4,7.0,1,45.0,96387.0,SIN MARCA,3.5,0.0,0.0,2025-04-01,15.0,15.0,23.0,5.0,13.666666666666666,6.110100926607792,14.333333333333334,5.046450898073483,0.8660254037844387,-0.4999999999999998,11.476136991522393,2.8690342478805984,3.828641396489095,1,1,1
01001-01002,2025,5,25.2,5,47.32,120801.8,SIN MARCA,3.5,0.0,0.0,2025-05-01,7.0,19.0,20.0,17.0,15.733333333333334,9.122134253196089,15.200000000000001,6.4621977685614045,0.49999999999999994,-0.8660254037844387,11.701914743022174,2.340382948604435,3.8778455536265595,1,1,1
01001-01002,2025,6,5.0,1,45.0,116651.0,SIN MARCA,3.5,0.0,0.0,2025-06-01,25.2,15.0,10.0,27.0,12.4,11.130139262381224,14.366666666666667,7.505109370733159,1.2246467991473532e-16,-1.0,11.66695042260907,1.9444917371015116,3.828641396489095,1,1,1
01001-01002,2025,7,9.0,2,45.0,104512.0,SIN MARCA,3.5,0.0,0.0,2025-07-01,5.0,7.0,15.0,10.5,13.066666666666668,10.696416845529786,13.366666666666667,7.797862955109347,-0.4999999999999997,-0.8660254037844388,11.557066744563603,1.6510095349376575,3.828641396489095,1,1,1
01001-01002,2025,8,10.0,2,40.0,156255.5,SIN MARCA,3.5,0.0,0.0,2025-08-01,9.0,25.2,19.0,10.0,8.0,2.6457513110646085,11.866666666666667,7.350283441246785,-0.8660254037844385,-0.5000000000000004,11.959254166733391,1.494906770841674,3.713572066704308,1,1,1
01001-01002,2025,9,5.0,1,45.0,175712.0,SIN MARCA,3.5,0.0,0.0,2025-09-01,10.0,5.0,15.0,15.0,8.0,2.6457513110646085,10.200000000000001,7.626270385975049,-1.0,-1.8369701987210297e-16,12.076607261193347,1.3418452512437051,3.828641396489095,1,1,1
01001-01002,2025,10,20.0,4,45.0,125421.75,SIN MARCA,3.5,0.0,0.0,2025-10-01,5.0,9.0,7.0,23.0,11.666666666666666,7.637626158259739,12.366666666666667,8.347854015653766,-0.8660254037844386,0.5000000000000001,11.739445310184173,1.1739445310184173,3.828641396489095,1,1,1
01001-01002,2025,12,24.0,4,45.0,152072.25,SIN MARCA,3.5,0.0,0.0,2025-12-01,20.0,10.0,25.2,20.0,16.333333333333332,10.016652800877816,12.166666666666666,7.985403350280229,-2.4492935982947064e-16,1.0,11.932117591642832,0.9943431326369027,3.828641396489095,1,1,1
01001-01002,2026,1,5.0,1,45.0,129464.0,SIN MARCA,3.5,0.0,0.0,2026-01-01,24.0,5.0,5.0,10.0,16.333333333333332,10.016652800877816,12.166666666666666,7.985403350280229,0.49999999999999994,0.8660254037844387,11.771165853321868,11.771165853321868,3.828641396489095,1,1,1
01001-01002,2026,5,7.0,1,45.0,116532.0,SIN MARCA,3.5,0.0,0.0,2026-05-01,5.0,20.0,9.0,15.0,12.0,10.440306508910554,11.833333333333334,8.183316361150087,0.49999999999999994,-0.8660254037844387,11.665929773679418,2.3331859547358835,3.828641396489095,1,1,1
01001-01004,2025,2,16.0,16,9.5,80101.4375,SIN MARCA,48.0,0.0,0.0,2025-02-01,24.0,16.0,17.0,4.0,18.333333333333332,4.932882862316248,16.333333333333332,5.680375574437544,0.8660254037844386,0.5000000000000001,11.291061563305057,5.645530781652528,2.3513752571634776,1,3,1
01001-01004,2025,3,18.0,18,9.5,111188.94444444444,SIN MARCA,48.0,0.0,0.0,2025-03-01,16.0,15.0,20.0,21.0,19.333333333333332,4.163331998932267,16.0,5.47722557505166,1.0,6.123233995736766e-17,11.618995229051919,3.872998409683973,2.3513752571634776,1,3,1
01001-01004,2025,4,20.0,20,9.5,77598.75,SIN MARCA,48.0,0.0,0.0,2025-04-01,18.0,24.0,7.0,17.0,18.0,2.0000000000000027,18.166666666666668,3.3714487489307428,0.8660254037844387,-0.4999999999999998,11.259319484516636,2.814829871129159,2.3513752571634776,1,3,1
01001-01004,2025,5,19.0,19,9.5,85198.47368421052,SIN MARCA,48.0,0.0,0.0,2025-05-01,20.0,16.0,16.0,8.0,19.0,1.0000000000000053,18.666666666666668,3.2041639575194454,0.49999999999999994,-0.8660254037844387,11.352750535382958,2.2705501070765917,2.3513752571634776,1,3,1
01001-01004,2025,6,16.0,16,9.5,102317.5,SIN MARCA,48.0,0.0,0.0,2025-06-01,19.0,18.0,15.0,10.0,18.333333333333332,2.081665999466135,18.833333333333332,2.9944392908634287,1.2246467991473532e-16,-1.0,11.535845776254728,1.9226409627091214,2.3513752571634776,1,3,1
01001-01004,2025,7,11.0,11,9.5,92298.81818181818,SIN MARCA,48.0,0.0,0.0,2025-07-01,16.0,20.0,24.0,14.0,15.333333333333334,4.0414518843273814,16.666666666666668,3.2041639575194436,-0.4999999999999997,-0.8660254037844388,11.432797450627879,1.6332567786611256,2.3513752571634776,1,3,1
01001-01004,2025,8,11.0,11,9.5,59196.545454545456,SIN MARCA,48.0,0.0,0.0,2025-08-01,11.0,19.0,16.0,17.0,12.666666666666666,2.8867513459481304,15.833333333333334,3.970726214015096,-0.8660254037844385,-0.5000000000000004,10.988635358096067,1.3735794197620084,2.3513752571634776,1,3,1
01001-01004,2025,9,11.0,11,9.5,97460.09090909093,SIN MARCA,48.0,0.0,0.0,2025-09-01,11.0,16.0,18.0,20.0,11.0,0.0,14.666666666666666,4.226897995772627,-1.0,-1.8369701987210297e-16,11.487208509738206,1.2763565010820228,2.3513752571634776,1,3,1
01001-01004,2025,10,14.0,14,9.5,102247.14285714286,SIN MARCA,48.0,0.0,0.0,2025-10-01,11.0,11.0,20.0,7.0,12.0,1.7320508075688794,13.666666666666666,3.3266599866332363,-0.8660254037844386,0.5000000000000001,11.535157910973775,1.1535157910973775,2.3513752571634776,1,3,1
01001-01004,2025,11,18.0,18,9.5,75411.05555555556,SIN MARCA,48.0,0.0,0.0,2025-11-01,14.0,11.0,19.0,16.0,14.333333333333334,3.511884584284247,13.5,3.016620625799667,-0.5000000000000004,0.8660254037844384,11.23072242922004,1.0209747662927309,2.3513752571634776,1,3,1
01001-01004,2025,12,19.0,19,9.5,76315.68421052632,SIN MARCA,48.0,0.0,0.0,2025-12-01,18.0,11.0,16.0,15.0,17.0,2.645751311064591,14.0,3.687817782917152,-2.4492935982947064e-16,1.0,11.242646859299521,0.9368872382749601,2.3513752571634776,1,3,1
01001-01004,2026,1,18.0,18,9.5,104331.33333333331,SIN MARCA,48.0,0.0,0.0,2026-01-01,19.0,14.0,11.0,24.0,18.333333333333332,0.5773502691896286,15.166666666666666,3.6560452221856683,0.49999999999999994,0.8660254037844387,11.555336596143711,11.555336596143711,2.3513752571634776,1,3,1
01001-01004,2026,2,24.0,24,9.5,92667.375,SIN MARCA,48.0,0.0,0.0,2026-02-01,18.0,18.0,11.0,16.0,20.333333333333332,3.2145502536643193,17.333333333333332,4.457203906785808,0.8660254037844386,0.5000000000000001,11.436782539086536,5.718391269543268,2.3513752571634776,1,3,1
01001-01004,2026,3,10.0,10,9.5,60662.7,SIN MARCA,48.0,0.0,0.0,2026-03-01,24.0,19.0,11.0,18.0,17.333333333333332,7.023769168568493,17.166666666666668,4.750438576243952,1.0,6.123233995736766e-17,11.013100775096223,3.671033591698741,2.3513752571634776,1,3,1
01001-01004,2026,4,18.0,18,9.5,85240.38888888889,SIN MARCA,48.0,0.0,0.0,2026-04-01,10.0,18.0,14.0,20.0,17.333333333333332,7.023769168568493,17.833333333333332,4.4907311951024935,0.8660254037844387,-0.4999999999999998,11.35324237994289,2.8383105949857224,2.3513752571634776,1,3,1
01001-01004,2026,5,14.0,14,9.5,84269.14285714286,SIN MARCA,48.0,0.0,0.0,2026-05-01,18.0,24.0,18.0,19.0,14.0,3.999999999999999,17.166666666666668,4.750438576243952,0.49999999999999994,-0.8660254037844387,11.341782903996277,2.2683565807992556,2.3513752571634776,1,3,1
01001-01005,2026,4,8.0,2,60.0,127131.0,HONDA,9.0,0.0,0.0,2026-04-01,3.0,10.0,1.0,3.0,4.333333333333333,3.2145502536643176,5.666666666666667,3.386246693120078,0.8660254037844387,-0.4999999999999998,11.75298119574837,2.9382452989370926,4.110873864173311,1,4,3
01001-01005,2026,5,4.0,1,60.0,123250.0,HONDA,9.0,0.0,0.0,2026-05-01,8.0,2.0,3.0,1.0,5.0,2.6457513110645903,5.833333333333333,3.250640962435972,0.49999999999999994,-0.8660254037844387,11.721978205462285,2.344395641092457,4.110873864173311,1,4,3
01001-01006,2025,11,6.0,2,45.0,152147.0,SIN MARCA,4.0,0.0,0.0,2025-11-01,4.0,8.0,8.0,2.0,4.333333333333333,1.5275252316519463,5.666666666666667,2.0655911179772892,-0.5000000000000004,0.8660254037844384,11.932609010315948,1.0847826373014497,3.828641396489095,1,5,1
01001-01006,2026,1,8.0,4,45.0,78300.5,SIN MARCA,4.0,0.0,0.0,2026-01-01,6.0,3.0,5.0,9.0,6.0,1.9999999999999998,6.166666666666667,2.2286019533929045,0.49999999999999994,0.8660254037844387,11.268322038883522,11.268322038883522,3.828641396489095,1,5,1
01001-01006,2026,2,3.0,1,45.0,83700.0,SIN MARCA,4.0,0.0,0.0,2026-02-01,8.0,4.0,8.0,2.0,5.666666666666667,2.516611478423583,5.333333333333333,2.3380903889000244,0.8660254037844386,0.5000000000000001,11.3350062038375,5.66750310191875,3.828641396489095,1,5,1
01001-01006,2026,3,5.0,2,45.0,75400.0,SIN MARCA,4.0,0.0,0.0,2026-03-01,3.0,6.0,8.0,7.0,5.333333333333333,2.516611478423583,4.833333333333333,1.9407902170679512,1.0,6.123233995736766e-17,11.230575816507569,3.74352527216919,3.828641396489095,1,5,1
01001-01006,2026,4,2.0,1,45.0,90985.0,SIN MARCA,4.0,0.0,0.0,2026-04-01,5.0,8.0,3.0,5.0,3.3333333333333335,1.5275252316519463,4.666666666666667,2.160246899469286,0.8660254037844387,-0.4999999999999998,11.418460927509608,2.854615231877402,3.828641396489095,1,5,1
01001-01006,2026,5,2.0,1,45.0,89113.0,SIN MARCA,4.0,0.0,0.0,2026-05-01,2.0,3.0,4.0,8.0,3.0,1.732050807568877,4.333333333333333,2.4221202832779927,0.49999999999999994,-0.8660254037844387,11.397671727939567,2.2795343455879133,3.828641396489095,1,5,1
01001-010078,2026,2,1.0,1,45.0,78332.0,MAXX POWER BLUECHEM,0.0,0.0,0.0,2026-02-01,5.0,2.0,4.0,9.0,3.0,2.0000000000000027,2.6666666666666665,1.6329931618554518,0.8660254037844386,0.5000000000000001,11.268724249129983,5.6343621245649915,3.828641396489095,0,7,4
01001-010078,2026,3,12.0,5,45.0,89819.6,MAXX POWER BLUECHEM,0.0,0.0,0.0,2026-03-01,1.0,3.0,1.0,10.0,6.0,5.5677643628300215,4.5,3.9370039370059056,1.0,6.123233995736766e-17,11.405569626646137,3.801856542215379,3.828641396489095,0,7,4
01001-010078,2026,4,9.0,6,45.0,88902.83333333333,MAXX POWER BLUECHEM,0.0,0.0,0.0,2026-04-01,12.0,5.0,4.0,3.0,7.333333333333333,5.686240703077327,5.333333333333333,4.320493798938574,0.8660254037844387,-0.4999999999999998,11.395310540182422,2.8488276350456054,3.828641396489095,0,7,4
01001-010078,2026,5,8.0,5,45.0,156389.6,MAXX POWER BLUECHEM,0.0,0.0,0.0,2026-05-01,9.0,1.0,2.0,9.0,9.666666666666666,2.081665999466129,6.333333333333333,4.08248290463863,0.49999999999999994,-0.8660254037844387,11.960112002985342,2.3920224005970683,3.828641396489095,0,7,4
01001-01008,2026,3,5.0,1,48.0,74155.0,SIN MARCA,13.0,0.0,0.0,2026-03-01,5.0,4.0,5.0,5.0,9.333333333333334,7.505553499465135,7.25,5.493177586788907,1.0,6.123233995736766e-17,11.213926261352483,3.737975420450828,3.8918202981106265,1,8,1
01001-01012,2026,3,6.0,1,140.0,103119.0,HONDA,2.0,0.0,0.0,2026-03-01,5.0,4.0,23.0,8.0,5.333333333333333,0.577350269189638,4.5,1.048808848170153,1.0,6.123233995736766e-17,11.54364863761307,3.8478828792043562,4.948759890378168,1,12,3
01001-01012,2026,4,3.0,1,140.0,134932.0,HONDA,2.0,0.0,0.0,2026-04-01,6.0,5.0,4.0,3.0,4.666666666666667,1.5275252316519514,4.333333333333333,1.2110601416389977,0.8660254037844387,-0.4999999999999998,11.812533637928501,2.9531334094821253,4.948759890378168,1,12,3
01001-01016,2025,4,23.0,4,56.66,87416.75,WOLVER,21.0,0.0,0.0,2025-04-01,7.0,14.0,13.0,6.0,14.333333333333334,8.082903768654761,14.25,5.116150896914597,0.8660254037844387,-0.4999999999999998,11.378453630268648,2.844613407567162,4.054563692210256,1,16,0
01001-01016,2025,6,17.0,3,56.66,94994.66666666669,WOLVER,21.0,0.0,0.0,2025-06-01,23.0,13.0,14.5,12.0,15.666666666666666,8.082903768654761,14.666666666666666,5.240865068542283,1.2246467991473532e-16,-1.0,11.461586555507239,1.9102644259178732,4.054563692210256,1,16,0
01001-01016,2025,9,14.0,3,52.77333333333333,58290.66666666666,WOLVER,21.0,0.0,0.0,2025-09-01,17.0,7.0,14.0,10.0,18.0,4.582575694955842,14.666666666666666,5.240865068542283,-1.0,-1.8369701987210297e-16,10.973214423299673,1.219246047033297,3.9847776813370577,1,16,0
01001-01016,2025,10,11.0,3,56.66,112436.66666666669,WOLVER,21.0,0.0,0.0,2025-10-01,14.0,23.0,14.0,12.0,14.0,3.000000000000002,14.166666666666666,5.45588367422425,-0.8660254037844386,0.5000000000000001,11.630154272996775,1.1630154272996776,4.054563692210256,1,16,0
01001-01016,2025,11,25.0,4,53.745,65369.0,WOLVER,21.0,0.0,0.0,2025-11-01,11.0,17.0,13.0,18.0,16.666666666666668,7.3711147958319945,16.166666666666668,6.940220937885675,-0.5000000000000004,0.8660254037844384,11.087818716606776,1.007983519691525,4.002686040325388,1,16,0
01001-01016,2025,12,4.5,1,56.66,40568.0,WOLVER,21.0,0.0,0.0,2025-12-01,25.0,14.0,7.0,62.5,13.5,10.476163419878482,15.75,7.6403533949680655,-2.4492935982947064e-16,1.0,10.61075950714147,0.8842299589284558,4.054563692210256,1,16,0
01001-01016,2026,1,13.0,2,56.66,75619.5,WOLVER,21.0,0.0,0.0,2026-01-01,4.5,11.0,23.0,13.0,14.166666666666666,10.29967637032025,14.083333333333334,6.785400995274096,0.49999999999999994,0.8660254037844387,11.23348268943047,11.23348268943047,4.054563692210256,1,16,0
01001-01016,2026,2,5.0,1,56.66,143155.0,WOLVER,21.0,0.0,0.0,2026-02-01,13.0,25.0,17.0,14.5,7.5,4.769696007084727,12.083333333333334,7.486098227158569,0.8660254037844386,0.5000000000000001,11.871690223724034,5.935845111862017,4.054563692210256,1,16,0
01001-01016,2026,3,6.0,1,63.0,27197.0,WOLVER,21.0,0.0,0.0,2026-03-01,5.0,4.5,14.0,14.0,8.0,4.358898943540672,10.75,7.78299428240828,1.0,6.123233995736766e-17,10.210898720168904,3.4036329067229683,4.1588830833596715,1,16,0
01001-01016,2026,4,18.0,3,85.0,55217.0,WOLVER,21.0,0.0,0.0,2026-04-01,6.0,13.0,11.0,14.0,9.666666666666666,7.2341781380702335,11.916666666666666,8.333166664999966,0.8660254037844387,-0.4999999999999998,10.919044266066912,2.729761066516728,4.454347296253507,1,16,0
01001-01022,2026,1,7.0,1,42.0,105740.0,SIN MARCA,4.0,0.0,0.0,2026-01-01,8.0,14.0,15.0,6.0,7.0,1.0000000000000977,13.333333333333334,11.927559124425526,0.49999999999999994,0.8660254037844387,11.568747986903793,11.568747986903793,3.7612001156935624,1,22,1
01001-01022,2026,2,13.0,2,42.0,89765.0,SIN MARCA,4.0,0.0,0.0,2026-02-01,7.0,6.0,37.0,8.0,9.333333333333334,3.2145502536643438,9.333333333333334,3.3266599866332287,0.8660254037844386,0.5000000000000001,11.404961563442287,5.702480781721143,3.7612001156935624,1,22,1
01001-01022,2026,3,14.0,2,32.5,99959.5,SIN MARCA,4.0,0.0,0.0,2026-03-01,13.0,8.0,8.0,15.0,11.333333333333334,3.7859388972002006,10.333333333333334,3.723797345005043,1.0,6.123233995736766e-17,11.51253038693718,3.83751012897906,3.5115454388310208,1,22,1
01001-01032,2025,10,15.0,3,45.0,116185.66666666669,HONDA,0.0,0.0,0.0,2025-10-01,21.5,56.0,44.0,10.0,23.333333333333332,9.38527215020073,38.75,17.93530038778275,-0.8660254037844386,0.5000000000000001,11.662953372123214,1.1662953372123215,3.828641396489095,0,31,3
01001-01032,2025,12,1.0,1,45.0,124027.0,HONDA,0.0,0.0,0.0,2025-12-01,15.0,33.5,52.5,15.0,12.5,10.476163419878485,30.166666666666668,21.919549873723845,-2.4492935982947064e-16,1.0,11.728262625548346,0.9773552187956955,3.828641396489095,0,31,3
01001-01032,2026,2,44.0,8,45.0,74703.5,HONDA,0.0,0.0,0.0,2026-02-01,1.0,21.5,54.0,37.0,20.0,21.931712199461312,28.5,20.0449494885869,0.8660254037844386,0.5000000000000001,11.22129561027035,5.610647805135175,3.828641396489095,0,31,3
01001-01032,2026,3,15.0,3,45.0,55836.333333333336,HONDA,0.0,0.0,0.0,2026-03-01,44.0,15.0,56.0,30.0,20.0,21.931712199461312,21.666666666666668,15.197587527850176,1.0,6.123233995736766e-17,10.930197980804042,3.6433993269346807,3.828641396489095,0,31,3
01001-01032,2026,4,23.0,4,45.0,78738.5,HONDA,0.0,0.0,0.0,2026-04-01,15.0,1.0,33.5,51.0,27.333333333333332,14.97776129244065,19.916666666666668,14.129460947490788,0.8660254037844387,-0.4999999999999998,11.273900214464867,2.8184750536162166,3.828641396489095,0,31,3
01001-01032,2026,5,5.0,1,45.0,27066.0,HONDA,0.0,0.0,0.0,2026-05-01,23.0,44.0,21.5,43.0,14.333333333333334,9.018499505645794,17.166666666666668,15.315569420255565,0.49999999999999994,-0.8660254037844387,10.206070552676763,2.0412141105353525,3.828641396489095,0,31,3
01001-01037,2026,5,75.0,16,43.9125,102218.625,PLUSPART,1.0,0.0,0.0,2026-05-01,69.0,49.0,68.0,17.0,53.333333333333336,32.47049943153529,57.5,22.871379494905845,0.49999999999999994,-0.8660254037844387,11.53487896375753,2.3069757927515058,3.8047161524396373,1,36,19
01001-01501,2025,7,7.0,7,120.0,104542.85714285714,SIN MARCA,5.0,0.0,0.0,2025-07-01,7.0,10.0,2.0,1.0,8.333333333333334,2.309401076758502,6.833333333333333,3.4302575219167823,-0.4999999999999997,-0.8660254037844388,11.557361947921224,1.6510517068458892,4.795790545596741,1,39,1
01001-01501,2025,8,6.0,6,120.0,36527.0,SIN MARCA,5.0,0.0,0.0,2025-08-01,7.0,11.0,2.0,3.0,6.666666666666667,0.5773502691896231,7.5,2.5884358211089564,-0.8660254037844385,-0.5000000000000004,10.505834368769577,1.313229296096197,4.795790545596741,1,39,1
01001-01501,2025,9,6.0,6,120.0,92140.5,SIN MARCA,5.0,0.0,0.0,2025-09-01,6.0,7.0,4.0,4.0,6.333333333333333,0.5773502691896231,7.833333333333333,2.1369760566432805,-1.0,-1.8369701987210297e-16,11.431080717931957,1.2701200797702175,4.795790545596741,1,39,1
01001-01501,2025,10,1.0,1,120.0,59857.0,SIN MARCA,5.0,0.0,0.0,2025-10-01,6.0,7.0,10.0,2.0,4.333333333333333,2.886751345948128,6.333333333333333,3.204163957519444,-0.8660254037844386,0.5000000000000001,10.999730369555504,1.0999730369555505,4.795790545596741,1,39,1
01001-01501,2025,11,6.0,6,120.0,61551.66666666666,SIN MARCA,5.0,0.0,0.0,2025-11-01,1.0,6.0,11.0,4.0,4.333333333333333,2.886751345948128,5.5,2.258317958127243,-0.5000000000000004,0.8660254037844384,11.027648455883947,1.0025134959894497,4.795790545596741,1,39,1
01001-01501,2025,12,1.0,1,120.0,27085.0,SIN MARCA,5.0,0.0,0.0,2025-12-01,6.0,6.0,7.0,3.0,2.6666666666666665,2.8867513459481278,4.5,2.7386127875258306,-2.4492935982947064e-16,1.0,10.206772268215317,0.8505643556846098,4.795790545596741,1,39,1
01001-01501,2026,1,2.0,2,120.0,110967.0,SIN MARCA,5.0,0.0,0.0,2026-01-01,1.0,1.0,7.0,2.0,3.0,2.6457513110645894,3.6666666666666665,2.581988897471611,0.49999999999999994,0.8660254037844387,11.616997150443126,11.616997150443126,4.795790545596741,1,39,1
01001-01501,2026,2,11.0,11,120.0,104459.0,SIN MARCA,5.0,0.0,0.0,2026-02-01,2.0,6.0,6.0,2.0,4.666666666666667,5.507570547286101,4.5,3.9370039370059056,0.8660254037844386,0.5000000000000001,11.55655950199029,5.778279750995145,4.795790545596741,1,39,1
01001-01501,2026,3,7.0,7,120.0,53730.142857142855,SIN MARCA,5.0,0.0,0.0,2026-03-01,11.0,1.0,6.0,4.0,6.666666666666667,4.509249752822894,4.666666666666667,4.033195589934446,1.0,6.123233995736766e-17,10.891748053869685,3.6305826846232283,4.795790545596741,1,39,1
01001-01501,2026,4,8.0,8,120.0,61853.875,SIN MARCA,5.0,0.0,0.0,2026-04-01,7.0,2.0,1.0,10.0,8.666666666666666,2.0816659994661326,5.833333333333333,3.7638632635454043,0.8660254037844387,-0.4999999999999998,11.032546194439664,2.758136548609916,4.795790545596741,1,39,1
01001-01502,2025,8,4.0,2,25.0,65217.5,SIN MARCA,1.0,0.0,0.0,2025-08-01,8.0,3.0,1.0,1.0,4.333333333333333,3.5118845842842465,3.6666666666666665,2.422120283277993,-0.8660254037844385,-0.5000000000000004,11.08549844999879,1.3856873062498487,3.258096538021482,1,40,1
01001-01502,2025,9,4.0,2,25.0,219958.0,SIN MARCA,1.0,0.0,0.0,2025-09-01,4.0,1.0,4.0,1.0,5.333333333333333,2.3094010767585034,3.6666666666666665,2.422120283277993,-1.0,-1.8369701987210297e-16,12.301196444330275,1.3667996049255862,3.258096538021482,1,40,1
01001-01502,2025,11,1.0,1,25.0,98803.0,SIN MARCA,1.0,0.0,0.0,2025-11-01,4.0,8.0,2.0,0.5,3.0,1.7320508075688772,3.5,2.5884358211089564,-0.5000000000000004,0.8660254037844384,11.50089336874639,1.0455357607951263,3.258096538021482,1,40,1
01001-01502,2025,12,1.0,1,25.0,110881.0,SIN MARCA,1.0,0.0,0.0,2025-12-01,1.0,4.0,3.0,1.0,2.0,1.7320508075688767,3.1666666666666665,2.7868739954771304,-2.4492935982947064e-16,1.0,11.616221851779093,0.9680184876482577,3.258096538021482,1,40,1
01001-01502,2026,1,1.0,1,25.0,109330.0,SIN MARCA,1.0,0.0,0.0,2026-01-01,1.0,4.0,1.0,2.0,1.0,0.0,3.1666666666666665,2.7868739954771304,0.49999999999999994,0.8660254037844387,11.602135257007024,11.602135257007024,3.258096538021482,1,40,1
01001-01502,2026,3,2.0,1,25.0,186736.0,SIN MARCA,1.0,0.0,0.0,2026-03-01,1.0,1.0,8.0,4.0,1.3333333333333333,0.577350269189623,2.1666666666666665,1.4719601443879742,1.0,6.123233995736766e-17,12.137456488791596,4.045818829597199,3.258096538021482,1,40,1
01001-01502,2026,5,4.0,3,28.46666666666667,162086.33333333334,SIN MARCA,1.0,0.0,0.0,2026-05-01,2.0,1.0,4.0,1.0,2.3333333333333335,1.5275252316519463,2.1666666666666665,1.4719601443879742,0.49999999999999994,-0.8660254037844387,11.995890563605409,2.399178112721082,3.3832596809754882,1,40,1
01001-02008,2025,4,6.0,4,3.5,89227.25,OSRAM 2825,34.0,0.0,0.0,2025-04-01,1.0,14.0,5.0,2.0,3.0,2.64575131106459,4.5,5.0099900199501395,0.8660254037844387,-0.4999999999999998,11.398952972463839,2.8497382431159597,1.5040773967762742,1,55,25
01001-02008,2025,5,11.0,5,3.5,132168.6,OSRAM 2825,34.0,0.0,0.0,2025-05-01,6.0,2.0,1.0,1.0,6.0,5.000000000000001,6.166666666666667,5.269408568963566,0.49999999999999994,-0.8660254037844387,11.791841225341885,2.358368245068377,1.5040773967762742,1,55,25
01001-02008,2025,6,10.0,3,3.92,132151.0,OSRAM 2825,34.0,0.0,0.0,2025-06-01,11.0,1.0,3.0,1.0,9.0,2.645751311064594,7.333333333333333,5.2025634707004444,1.2246467991473532e-16,-1.0,11.791708054234977,1.9652846757058295,1.5933085305042167,1,55,25
01001-02008,2025,7,2.0,2,3.5,99857.0,OSRAM 2825,34.0,0.0,0.0,2025-07-01,10.0,6.0,14.0,2.0,7.666666666666667,4.932882862316248,5.333333333333333,4.366539438350084,-0.4999999999999997,-0.8660254037844388,11.511504455814782,1.6445006365449688,1.5040773967762742,1,55,25
01001-02008,2025,8,2.0,1,3.5,91253.0,OSRAM 2825,34.0,0.0,0.0,2025-08-01,2.0,11.0,2.0,8.0,4.666666666666667,4.618802153517004,5.333333333333333,4.366539438350084,-0.8660254037844385,-0.5000000000000004,11.421402106100423,1.427675263262553,1.5040773967762742,1,55,25
01001-02008,2025,9,2.0,2,3.5,147475.0,OSRAM 2825,34.0,0.0,0.0,2025-09-01,2.0,10.0,1.0,8.0,2.0,0.0,5.5,4.183300132670377,-1.0,-1.8369701987210297e-16,11.901420729658593,1.322380081073177,1.5040773967762742,1,55,25
01001-02008,2025,10,2.0,1,3.5,78215.0,OSRAM 2825,34.0,0.0,0.0,2025-10-01,2.0,2.0,6.0,5.0,2.0,0.0,4.833333333333333,4.400757510550504,-0.8660254037844386,0.5000000000000001,11.267229509185507,1.1267229509185506,1.5040773967762742,1,55,25
01001-02008,2026,1,1.0,1,3.5,169879.0,OSRAM 2825,34.0,0.0,0.0,2026-01-01,2.0,2.0,11.0,1.0,1.6666666666666667,0.577350269189593,3.1666666666666665,3.3714487489307428,0.49999999999999994,0.8660254037844387,12.042847584427207,12.042847584427207,1.5040773967762742,1,55,25
01001-02008,2026,2,2.0,2,3.5,73938.5,OSRAM 2825,34.0,0.0,0.0,2026-02-01,1.0,2.0,10.0,3.0,1.6666666666666667,0.577350269189593,1.8333333333333333,0.40824829046387434,0.8660254037844386,0.5000000000000001,11.211002470228106,5.605501235114053,1.5040773967762742,1,55,25
01001-02008,2026,3,3.0,2,3.5,71236.0,OSRAM 2825,34.0,0.0,0.0,2026-03-01,2.0,2.0,2.0,14.0,2.0,0.9999999999999821,2.0,0.6324555320336828,1.0,6.123233995736766e-17,11.1737676253434,3.7245892084478,1.5040773967762742,1,55,25
01001-02008,2026,4,3.0,2,4.24,162804.0,OSRAM 2825,34.0,0.0,0.0,2026-04-01,3.0,1.0,2.0,2.0,2.6666666666666665,0.577350269189599,2.1666666666666665,0.7527726527090863,0.8660254037844387,-0.4999999999999998,12.000308444609669,3.000077111152417,1.6563214983329508,1,55,25
01001-02008,2026,5,7.0,4,4.24,61999.75,OSRAM 2825,34.0,0.0,0.0,2026-05-01,3.0,2.0,2.0,1.0,4.333333333333333,2.309401076758499,3.0,2.097617696340304,0.49999999999999994,-0.8660254037844387,11.034901760728257,2.2069803521456515,1.6563214983329508,1,55,25
01001-02010,2025,8,2.0,2,20.0,92079.0,SIN MARCA,9.0,0.0,0.0,2025-08-01,1.0,1.0,1.0,3.0,1.3333333333333333,0.5773502691896258,1.3333333333333333,0.5163977794943218,-0.8660254037844385,-0.5000000000000004,11.430413043395765,1.4288016304244706,3.044522437723423,1,57,1
01001-02010,2025,10,1.0,1,20.0,106303.0,SIN MARCA,9.0,0.0,0.0,2025-10-01,2.0,1.0,1.0,4.0,1.3333333333333333,0.5773502691896258,1.3333333333333333,0.5163977794943218,-0.8660254037844386,0.5000000000000001,11.574058192972966,1.1574058192972967,3.044522437723423,1,57,1
01001-02010,2025,12,1.0,1,20.0,95649.0,SIN MARCA,9.0,0.0,0.0,2025-12-01,1.0,1.0,2.0,2.0,1.3333333333333333,0.5773502691896258,1.1666666666666667,0.40824829046386224,-2.4492935982947064e-16,1.0,11.468450974868398,0.9557042479056999,3.044522437723423,1,57,1
01001-02010,2026,1,1.0,1,20.0,48153.0,SIN MARCA,9.0,0.0,0.0,2026-01-01,1.0,2.0,1.0,1.0,1.0,0.0,1.1666666666666667,0.40824829046386224,0.49999999999999994,0.8660254037844387,10.782159487503774,10.782159487503774,3.044522437723423,1,57,1
01001-02010,2026,5,2.0,2,20.0,77123.0,SIN MARCA,9.0,0.0,0.0,2026-05-01,1.0,1.0,1.0,4.0,1.3333333333333333,0.5773502691896258,1.3333333333333333,0.5163977794943218,0.49999999999999994,-0.8660254037844387,11.253169795159286,2.250633959031857,3.044522437723423,1,57,1
01001-02051,2025,10,2.0,1,17.0,128384.0,OSRAM,11.0,0.0,0.0,2025-10-01,3.0,2.0,2.0,1.0,2.3333333333333335,0.5773502691896268,2.6666666666666665,0.8164965809277258,-0.8660254037844386,0.5000000000000001,11.76278884098382,1.176278884098382,2.8903717578961645,1,70,28
01001-02051,2026,1,1.0,1,17.0,169879.0,OSRAM,11.0,0.0,0.0,2026-01-01,2.0,2.0,3.0,4.0,2.0,1.0000000000000009,2.3333333333333335,1.0327955589886446,0.49999999999999994,0.8660254037844387,12.042847584427207,12.042847584427207,2.8903717578961645,1,70,28
01001-02051,2026,4,3.0,3,17.0,117364.33333333331,OSRAM,11.0,0.0,0.0,2026-04-01,1.0,3.0,4.0,1.0,2.0,1.0000000000000009,2.1666666666666665,0.7527726527090812,0.8660254037844387,-0.4999999999999998,11.673046856001529,2.918261714000382,2.8903717578961645,1,70,28
01001-03007,2025,2,18.0,18,5.5,78078.77777777778,SIN MARCA,2.0,0.0,0.0,2025-02-01,22.0,21.0,18.0,3.0,19.666666666666668,2.081665999466132,18.666666666666668,5.085928299402841,0.8660254037844386,0.5000000000000001,11.265486374999135,5.6327431874995675,1.8718021769015913,1,106,1
01001-03007,2025,3,22.0,22,5.340909090909091,95770.0,SIN MARCA,2.0,0.0,0.0,2025-03-01,18.0,19.0,23.0,17.0,20.666666666666668,2.309401076758502,18.5,4.929503017546496,1.0,6.123233995736766e-17,11.46971520414435,3.82323840138145,1.8470221479031044,1,106,1
01001-03007,2025,4,24.0,24,5.5,73768.58333333333,SIN MARCA,2.0,0.0,0.0,2025-04-01,22.0,22.0,9.0,21.0,21.333333333333332,3.055050463303893,21.0,2.1908902300206674,0.8660254037844387,-0.4999999999999998,11.208701775676595,2.8021754439191486,1.8718021769015913,1,106,1
01001-03007,2025,5,22.0,22,5.5,89615.40909090909,SIN MARCA,2.0,0.0,0.0,2025-05-01,24.0,18.0,21.0,9.0,22.666666666666668,1.1547005383792526,21.166666666666668,2.2286019533929067,0.49999999999999994,-0.8660254037844387,11.403293719370781,2.2806587438741563,1.8718021769015913,1,106,1
01001-03007,2025,6,18.0,18,5.555,104075.94444444444,SIN MARCA,2.0,0.0,0.0,2025-06-01,22.0,22.0,19.0,10.0,21.333333333333332,3.055050463303893,21.0,2.4494897427831805,1.2246467991473532e-16,-1.0,11.552885754996451,1.925480959166075,1.8802281172156632,1,106,1
01001-03007,2025,7,16.0,16,5.561875,101554.9375,SIN MARCA,2.0,0.0,0.0,2025-07-01,18.0,24.0,22.0,13.0,18.666666666666668,3.055050463303893,20.0,3.0983866769659354,-0.4999999999999997,-0.8660254037844388,11.528365034033914,1.6469092905762734,1.8812763852870686,1,106,1
01001-03007,2025,8,15.0,15,5.5,73576.6,SIN MARCA,2.0,0.0,0.0,2025-08-01,16.0,22.0,18.0,18.0,16.333333333333332,1.5275252316519468,19.5,3.6742346141747686,-0.8660254037844385,-0.5000000000000004,11.206095910567681,1.4007619888209601,1.8718021769015913,1,106,1
01001-03007,2025,9,14.0,14,5.5,89701.14285714286,SIN MARCA,2.0,0.0,0.0,2025-09-01,15.0,18.0,22.0,23.0,15.0,0.9999999999999978,18.166666666666668,4.020779360604941,-1.0,-1.8369701987210297e-16,11.40424993691587,1.267138881879541,1.8718021769015913,1,106,1
01001-03007,2025,10,17.0,17,5.5,103152.70588235294,SIN MARCA,2.0,0.0,0.0,2025-10-01,14.0,16.0,24.0,9.0,15.333333333333334,1.5275252316519465,17.0,2.8284271247461925,-0.8660254037844386,0.5000000000000001,11.543975444973306,1.1543975444973307,1.8718021769015913,1,106,1
01001-03007,2025,11,20.0,20,5.5,78316.5,SIN MARCA,2.0,0.0,0.0,2025-11-01,17.0,15.0,22.0,21.0,17.0,3.000000000000002,16.666666666666668,2.16024689946929,-0.5000000000000004,0.8660254037844384,11.268526356368064,1.0244114869425511,1.8718021769015913,1,106,1
01001-03007,2025,12,20.0,20,5.5,82999.55,SIN MARCA,2.0,0.0,0.0,2025-12-01,20.0,14.0,18.0,19.0,19.0,1.7320508075688885,17.0,2.529822128134706,-2.4492935982947064e-16,1.0,11.326602513262804,0.9438835427719003,1.8718021769015913,1,106,1
01001-03007,2026,1,23.0,23,5.5,103335.95652173914,SIN MARCA,2.0,0.0,0.0,2026-01-01,20.0,17.0,16.0,22.0,21.0,1.7320508075688958,18.166666666666668,3.430257521916785,0.49999999999999994,0.8660254037844387,11.545750350292128,11.545750350292128,1.8718021769015913,1,106,1
01001-03007,2026,2,29.0,29,5.5,89182.31034482758,SIN MARCA,2.0,0.0,0.0,2026-02-01,23.0,20.0,15.0,18.0,24.0,4.582575694955851,20.5,5.167204273105528,0.8660254037844386,0.5000000000000001,11.39844919730447,5.699224598652235,1.8718021769015913,1,106,1
01001-03007,2026,3,9.0,9,5.5,63611.333333333336,SIN MARCA,2.0,0.0,0.0,2026-03-01,29.0,20.0,14.0,22.0,20.333333333333332,10.263202878893772,19.666666666666668,6.6231915770772245,1.0,6.123233995736766e-17,11.060562650863526,3.6868542169545084,1.8718021769015913,1,106,1
01001-03007,2026,4,19.0,19,5.5,82774.94736842105,SIN MARCA,2.0,0.0,0.0,2026-04-01,9.0,23.0,17.0,24.0,19.0,10.000000000000002,20.0,6.511528238439885,0.8660254037844387,-0.4999999999999998,11.323892807453197,2.830973201863299,1.8718021769015913,1,106,1
01001-03007,2026,5,18.0,18,5.5,81673.94444444444,SIN MARCA,2.0,0.0,0.0,2026-05-01,19.0,29.0,20.0,22.0,15.333333333333334,5.5075705472861,19.666666666666668,6.562519841239849,0.49999999999999994,-0.8660254037844387,11.31050255626634,2.262100511253268,1.8718021769015913,1,106,1
01001-04007,2025,11,2.0,1,3.55,98803.0,SIN MARCA,9.0,0.0,0.0,2025-11-01,4.0,2.0,4.0,2.0,4.666666666666667,3.055050463303893,3.6666666666666665,2.3380903889000244,-0.5000000000000004,0.8660254037844384,11.50089336874639,1.0455357607951263,1.5151272329628591,1,235,1
01001-04007,2025,12,1.0,1,3.55,110881.0,SIN MARCA,9.0,0.0,0.0,2025-12-01,2.0,8.0,2.0,2.0,2.3333333333333335,1.5275252316519463,3.5,2.5099800796022267,-2.4492935982947064e-16,1.0,11.616221851779093,0.9680184876482577,1.5151272329628591,1,235,1
01001-04007,2026,1,4.0,2,3.55,109330.0,SIN MARCA,9.0,0.0,0.0,2026-01-01,1.0,4.0,4.0,2.0,2.3333333333333335,1.5275252316519463,3.5,2.5099800796022267,0.49999999999999994,0.8660254037844387,11.602135257007024,11.602135257007024,1.5151272329628591,1,235,1
01001-04007,2026,5,2.0,1,4.5,39189.0,SIN MARCA,9.0,0.0,0.0,2026-05-01,4.0,2.0,2.0,5.0,2.3333333333333335,1.5275252316519463,3.5,2.5099800796022267,0.49999999999999994,-0.8660254037844387,10.576176891193677,2.1152353782387356,1.7047480922384253,1,235,1
01001-04008,2025,11,2.0,1,6.85,98803.0,SIN MARCA,8.0,0.0,0.0,2025-11-01,4.0,2.0,4.0,2.0,4.666666666666667,3.0550504633038935,3.8333333333333335,2.401388487243717,-0.5000000000000004,0.8660254037844384,11.50089336874639,1.0455357607951263,2.060513531794317,1,236,1
01001-04008,2025,12,1.0,1,6.85,110881.0,SIN MARCA,8.0,0.0,0.0,2025-12-01,2.0,8.0,2.0,6.0,2.3333333333333335,1.5275252316519474,3.6666666666666665,2.581988897471611,-2.4492935982947064e-16,1.0,11.616221851779093,0.9680184876482577,2.060513531794317,1,236,1
01001-04008,2026,1,4.0,2,6.85,109330.0,SIN MARCA,8.0,0.0,0.0,2026-01-01,1.0,4.0,5.0,1.0,2.3333333333333335,1.5275252316519474,3.5,2.5099800796022267,0.49999999999999994,0.8660254037844387,11.602135257007024,11.602135257007024,2.060513531794317,1,236,1
01001-04008,2026,5,2.0,1,8.5,39189.0,SIN MARCA,8.0,0.0,0.0,2026-05-01,4.0,2.0,2.0,3.0,2.3333333333333335,1.5275252316519474,3.5,2.5099800796022267,0.49999999999999994,-0.8660254037844387,10.576176891193677,2.1152353782387356,2.2512917986064953,1,236,1
01001-06003,2026,1,2.0,2,75.0,52372.5,SIN MARCA,0.0,0.0,0.0,2026-01-01,3.0,2.0,6.0,1.0,2.3333333333333335,0.5773502691896264,2.0,0.6324555320336726,0.49999999999999994,0.8660254037844387,10.866156017196179,10.866156017196179,4.330733340286331,0,335,1
01001-06003,2026,2,1.0,1,85.0,65401.0,SIN MARCA,0.0,0.0,0.0,2026-02-01,2.0,2.0,2.0,2.0,2.0,1.0000000000000002,1.8333333333333333,0.7527726527090779,0.8660254037844386,0.5000000000000001,11.088308118017455,5.5441540590087275,4.454347296253507,0,335,1
01001-06003,2026,4,1.0,1,85.0,95283.0,SIN MARCA,0.0,0.0,0.0,2026-04-01,1.0,3.0,1.0,9.0,1.3333333333333333,0.5773502691896263,1.8333333333333333,0.7527726527090779,0.8660254037844387,-0.4999999999999998,11.46461718467611,2.8661542961690274,4.454347296253507,0,335,1
01001-06027,2025,6,11.0,11,65.0,90186.45454545454,HONDA,0.0,0.0,0.0,2025-06-01,7.0,4.0,4.0,1.0,8.666666666666666,2.0816659994661335,7.333333333333333,2.2509257354845493,1.2246467991473532e-16,-1.0,11.409645611515595,1.9016076019192658,4.189654742026425,0,359,3
01001-06027,2025,7,12.0,12,65.0,100465.16666666669,HONDA,0.0,0.0,0.0,2025-07-01,11.0,8.0,7.0,1.0,10.0,2.645751311064591,8.166666666666666,2.9268868558020236,-0.4999999999999997,-0.8660254037844388,11.51757629971899,1.6453680428169986,4.189654742026425,0,359,3
01001-06027,2025,8,4.0,4,79.25,49572.0,HONDA,0.0,0.0,0.0,2025-08-01,12.0,7.0,7.0,1.0,9.0,4.358898943540674,7.666666666666667,3.386246693120077,-0.8660254037844385,-0.5000000000000004,10.811201609659424,1.351400201207428,4.385146762010125,0,359,3
01001-06027,2025,9,3.0,3,65.0,173777.0,HONDA,0.0,0.0,0.0,2025-09-01,4.0,11.0,4.0,4.0,6.333333333333333,4.932882862316248,7.5,3.61939221417077,-1.0,-1.8369701987210297e-16,12.065533901522734,1.3406148779469704,4.189654742026425,0,359,3
01001-06027,2025,10,6.0,6,65.0,97728.5,HONDA,0.0,0.0,0.0,2025-10-01,3.0,12.0,8.0,2.0,4.333333333333333,1.5275252316519468,7.166666666666667,3.6560452221856687,-0.8660254037844386,0.5000000000000001,11.4899587371835,1.1489958737183499,4.189654742026425,0,359,3
01001-06027,2025,11,5.0,5,65.0,86421.2,HONDA,0.0,0.0,0.0,2025-11-01,6.0,4.0,7.0,2.0,4.666666666666667,1.5275252316519468,6.833333333333333,3.7638632635454043,-0.5000000000000004,0.8660254037844384,11.366999866232021,1.033363624202911,4.189654742026425,0,359,3
01001-06027,2025,12,8.0,8,65.0,75908.0,HONDA,0.0,0.0,0.0,2025-12-01,5.0,3.0,11.0,4.0,6.333333333333333,1.5275252316519468,6.333333333333333,3.2659863237109032,-2.4492935982947064e-16,1.0,11.237290533429114,0.9364408777857595,4.189654742026425,0,359,3
01001-06027,2026,1,6.0,6,65.0,118428.0,HONDA,0.0,0.0,0.0,2026-01-01,8.0,6.0,12.0,7.0,6.333333333333333,1.5275252316519468,5.333333333333333,1.7511900715418263,0.49999999999999994,0.8660254037844387,11.682068903873423,11.682068903873423,4.189654742026425,0,359,3
01001-06027,2026,2,16.0,16,65.625,84659.0,HONDA,0.0,0.0,0.0,2026-02-01,6.0,5.0,4.0,7.0,10.0,5.291502622129181,7.333333333333333,4.546060565661951,0.8660254037844386,0.5000000000000001,11.346398514074915,5.673199257037457,4.199079882486009,0,359,3
01001-06027,2026,3,4.0,4,65.0,64881.5,HONDA,0.0,0.0,0.0,2026-03-01,16.0,8.0,3.0,4.0,8.666666666666666,6.429100507328636,7.5,4.37035467668243,1.0,6.123233995736766e-17,11.08033322072264,3.6934444069075467,4.189654742026425,0,359,3
01001-06027,2026,4,7.0,7,65.0,87223.71428571429,HONDA,0.0,0.0,0.0,2026-04-01,4.0,6.0,6.0,8.0,9.0,6.244997998398398,7.666666666666667,4.320493798938571,0.8660254037844387,-0.4999999999999998,11.376242990448741,2.8440607476121853,4.189654742026425,0,359,3
01001-06027,2026,5,9.0,9,61.66666666666666,79564.44444444444,HONDA,0.0,0.0,0.0,2026-05-01,7.0,16.0,5.0,7.0,6.666666666666667,2.516611478423583,8.333333333333334,4.131182235954576,0.49999999999999994,-0.8660254037844387,11.284335162557728,2.2568670325115456,4.137829674161839,0,359,3
01001-06028,2025,5,12.0,12,72.08333333333333,89474.25,CR-V,0.0,0.0,0.0,2025-05-01,8.0,7.0,3.0,1.0,8.0,4.0,6.5,3.2710854467592263,0.49999999999999994,-0.8660254037844387,11.40171732970688,2.280343465941376,4.291600342584183,0,360,74
01001-06028,2025,6,9.0,9,75.0,89322.11111111111,CR-V,0.0,0.0,0.0,2025-06-01,12.0,4.0,3.0,1.0,9.666666666666666,2.0816659994661326,7.5,2.880972058177588,1.2246467991473532e-16,-1.0,11.40001553641682,1.9000025894028034,4.330733340286331,0,360,74
01001-06028,2025,7,9.0,9,75.0,103377.33333333331,CR-V,0.0,0.0,0.0,2025-07-01,9.0,8.0,5.0,1.0,10.0,1.7320508075688774,8.166666666666666,2.6394443859772223,-0.4999999999999997,-0.8660254037844388,11.546150676868606,1.6494500966955152,4.330733340286331,0,360,74
01001-06028,2025,8,5.0,5,97.0,43591.6,CR-V,0.0,0.0,0.0,2025-08-01,9.0,12.0,7.0,1.0,7.666666666666667,2.3094010767585034,7.833333333333333,2.9268868558020267,-0.8660254037844385,-0.5000000000000004,10.682642690161604,1.3353303362702005,4.584967478670572,0,360,74
01001-06028,2025,9,3.0,3,75.0,173777.0,CR-V,0.0,0.0,0.0,2025-09-01,5.0,9.0,4.0,5.0,5.666666666666667,3.0550504633038935,7.666666666666667,3.2041639575194454,-1.0,-1.8369701987210297e-16,12.065533901522734,1.3406148779469704,4.330733340286331,0,360,74
01001-06028,2025,10,6.0,6,75.0,98569.16666666669,CR-V,0.0,0.0,0.0,2025-10-01,3.0,9.0,8.0,2.0,4.666666666666667,1.5275252316519476,7.333333333333333,3.265986323710905,-0.8660254037844386,0.5000000000000001,11.498523925503816,1.1498523925503816,4.330733340286331,0,360,74
01001-06028,2025,11,4.0,4,75.0,90441.5,CR-V,0.0,0.0,0.0,2025-11-01,6.0,5.0,12.0,3.0,4.333333333333333,1.5275252316519476,6.0,2.5298221281347035,-0.5000000000000004,0.8660254037844384,11.412469568645857,1.0374972335132597,4.330733340286331,0,360,74
01001-06028,2025,12,7.0,7,75.0,65077.28571428572,CR-V,0.0,0.0,0.0,2025-12-01,4.0,3.0,9.0,3.0,5.666666666666667,1.5275252316519476,5.666666666666667,2.1602468994692865,-2.4492935982947064e-16,1.0,11.083346219779612,0.9236121849816343,4.330733340286331,0,360,74
01001-06028,2026,1,7.0,7,75.0,116261.85714285714,CR-V,0.0,0.0,0.0,2026-01-01,7.0,6.0,9.0,5.0,6.0,1.7320508075688783,5.333333333333333,1.632993161855451,0.49999999999999994,0.8660254037844387,11.663608916412317,11.663608916412317,4.330733340286331,0,360,74
01001-06028,2026,2,19.0,19,70.78947368421052,94065.1052631579,CR-V,0.0,0.0,0.0,2026-02-01,7.0,4.0,5.0,7.0,11.0,6.928203230275509,7.666666666666667,5.785038173311104,0.8660254037844386,0.5000000000000001,11.451753061569905,5.725876530784952,4.273737859236967,0,360,74
01001-06028,2026,3,4.0,4,75.0,64881.5,CR-V,0.0,0.0,0.0,2026-03-01,19.0,7.0,3.0,4.0,10.0,7.937253933193772,7.833333333333333,5.636192568273965,1.0,6.123233995736766e-17,11.08033322072264,3.6934444069075467,4.330733340286331,0,360,74
01001-06028,2026,4,8.0,8,75.0,86390.5,CR-V,0.0,0.0,0.0,2026-04-01,4.0,7.0,6.0,8.0,10.333333333333334,7.767453465154029,8.166666666666666,5.564770136013407,0.8660254037844387,-0.4999999999999998,11.366644570322924,2.841661142580731,4.330733340286331,0,360,74
01001-06028,2026,5,11.0,11,72.27272727272727,72813.90909090909,CR-V,0.0,0.0,0.0,2026-05-01,8.0,19.0,4.0,12.0,7.666666666666667,3.511884584284247,9.333333333333334,5.240865068542281,0.49999999999999994,-0.8660254037844387,11.195676008421897,2.2391352016843795,4.294188469708257,0,360,74
01001-06072,2026,2,1.0,1,50.0,65401.0,SIN MARCA,0.0,0.0,0.0,2026-02-01,1.0,2.0,6.0,1.0,1.0,0.0,1.5,0.8366600265340786,0.8660254037844386,0.5000000000000001,11.088308118017455,5.5441540590087275,3.9318256327243257,0,404,1
01001-06072,2026,4,1.0,1,45.0,95283.0,SIN MARCA,0.0,0.0,0.0,2026-04-01,1.0,1.0,3.0,2.0,1.0,0.0,1.1666666666666667,0.4082482904638701,0.8660254037844387,-0.4999999999999998,11.46461718467611,2.8661542961690274,3.828641396489095,0,404,1
01001-06086,2025,8,7.0,7,46.42857142857143,96394.71428571428,SAKURA C-1011,3.0,0.0,0.0,2025-08-01,12.0,9.0,6.0,1.0,10.0,2.6457513110645867,10.333333333333334,2.160246899469285,-0.8660254037844385,-0.5000000000000004,11.476217021993296,1.434527127749162,3.859224819861175,1,418,87
01001-06086,2025,9,9.0,9,46.580000000000005,107713.11111111112,SAKURA C-1011,3.0,0.0,0.0,2025-09-01,7.0,11.0,10.0,10.0,9.333333333333334,2.5166114784235805,10.166666666666666,2.2286019533929022,-1.0,-1.8369701987210297e-16,11.587235876949087,1.287470652994343,3.8624125048748117,1,418,87
01001-06086,2025,10,6.0,6,45.0,97428.83333333331,SAKURA C-1011,3.0,0.0,0.0,2025-10-01,9.0,12.0,13.0,3.0,7.333333333333333,1.5275252316519465,9.0,2.280350850198275,-0.8660254037844386,0.5000000000000001,11.48688773978807,1.148688773978807,3.828641396489095,1,418,87
01001-06086,2025,11,13.0,13,45.0,90844.46153846152,SAKURA C-1011,3.0,0.0,0.0,2025-11-01,6.0,7.0,9.0,1.0,9.333333333333334,3.511884584284244,9.666666666666666,2.8047578623950162,-0.5000000000000004,0.8660254037844384,11.416915117028468,1.0379013742753154,3.828641396489095,1,418,87
01001-06086,2025,12,12.0,12,45.0,76908.5,SAKURA C-1011,3.0,0.0,0.0,2025-12-01,13.0,9.0,11.0,6.0,10.333333333333334,3.7859388972001793,9.833333333333334,2.926886855802024,-2.4492935982947064e-16,1.0,11.250384684924779,0.9375320570770649,3.828641396489095,1,418,87
01001-06086,2026,1,14.0,14,45.0,104957.42857142857,SAKURA C-1011,3.0,0.0,0.0,2026-01-01,12.0,6.0,12.0,6.0,13.0,0.9999999999999798,10.166666666666666,3.31159578853861,0.49999999999999994,0.8660254037844387,11.561319632375943,11.561319632375943,3.828641396489095,1,418,87
01001-06086,2026,2,18.0,18,44.16666666666666,94663.0,SAKURA C-1011,3.0,0.0,0.0,2026-02-01,14.0,13.0,7.0,6.0,14.666666666666666,3.0550504633038846,12.0,4.147288270665543,0.8660254037844386,0.5000000000000001,11.458089059064395,5.729044529532198,3.8103593516516456,1,418,87
01001-06086,2026,3,6.0,6,45.5,68788.66666666667,SAKURA C-1011,3.0,0.0,0.0,2026-03-01,18.0,12.0,9.0,10.0,12.666666666666666,6.1101009266077835,11.5,4.722287581247037,1.0,6.123233995736766e-17,11.138808818842767,3.712936272947589,3.8394523125933104,1,418,87
01001-06086,2026,4,10.0,10,45.0,94678.5,SAKURA C-1011,3.0,0.0,0.0,2026-04-01,6.0,14.0,6.0,13.0,11.333333333333334,6.110100926607784,12.166666666666666,4.020779360604938,0.8660254037844387,-0.4999999999999998,11.45825278266763,2.8645631956669075,3.828641396489095,1,418,87
01001-06086,2026,5,8.0,8,42.75,93446.0,SAKURA C-1011,3.0,0.0,0.0,2026-05-01,10.0,18.0,13.0,9.0,8.0,1.9999999999999982,11.333333333333334,4.320493798938572,0.49999999999999994,-0.8660254037844387,11.445149709639674,2.289029941927935,3.7784916128036232,1,418,87
MC,2025,1,31.0,31,74.19354838709677,89537.09677419355,SIN MARCA,0.0,0.0,0.0,2025-01-01,16.0,27.0,23.0,2.0,23.333333333333332,7.505553499465137,26.5,6.3482280992415525,0.49999999999999994,0.8660254037844387,11.40241947597595,11.40241947597595,4.320065434550611,0,592,1
MC,2025,2,33.0,33,75.0,92589.9696969697,SIN MARCA,0.0,0.0,0.0,2025-02-01,31.0,23.0,34.0,24.0,26.666666666666668,9.29157324317757,26.333333333333332,6.121002096606951,0.8660254037844386,0.5000000000000001,11.435946896407769,5.717973448203884,4.330733340286331,0,592,1
MC,2025,3,58.0,58,75.00137931034483,105886.1724137931,SIN MARCA,0.0,0.0,0.0,2025-03-01,33.0,16.0,28.0,23.0,40.666666666666664,15.044378795195678,31.333333333333332,14.403703227526824,1.0,6.123233995736766e-17,11.570129395015678,3.8567097983385596,4.33075148894197,0,592,1
MC,2025,4,35.0,35,75.0,78423.45714285714,SIN MARCA,0.0,0.0,0.0,2025-04-01,58.0,31.0,27.0,30.0,42.0,13.892443989449806,32.666666666666664,14.292189008919056,0.8660254037844387,-0.4999999999999998,11.269891111043938,2.8174727777609845,4.330733340286331,0,592,1
MC,2025,5,40.0,40,75.625,104467.425,SIN MARCA,0.0,0.0,0.0,2025-05-01,35.0,33.0,23.0,13.0,44.333333333333336,12.096831541082706,35.5,13.6638208419168,0.49999999999999994,-0.8660254037844387,11.556640151619506,2.311328030323901,4.338923394256375,0,592,1
MC,2025,6,25.0,25,77.16,96496.24,SIN MARCA,0.0,0.0,0.0,2025-06-01,40.0,58.0,16.0,20.0,33.333333333333336,7.6376261582597404,37.0,11.401754250991377,1.2246467991473532e-16,-1.0,11.47726968588179,1.9128782809802984,4.358758007734528,0,592,1
MC,2025,7,30.0,30,75.45,113169.06666666668,SIN MARCA,0.0,0.0,0.0,2025-07-01,25.0,35.0,31.0,23.0,31.666666666666668,7.6376261582597404,36.833333333333336,11.513759884011243,-0.4999999999999997,-0.8660254037844388,11.636646981044082,1.6623781401491546,4.336636932375072,0,592,1
MC,2025,8,30.0,30,75.0,76067.0,SIN MARCA,0.0,0.0,0.0,2025-08-01,30.0,40.0,33.0,34.0,28.333333333333332,2.886751345948149,36.333333333333336,11.775681155103793,-0.8660254037844385,-0.5000000000000004,11.239382956072166,1.4049228695090208,4.330733340286331,0,592,1
MC,2025,9,36.0,36,73.33333333333333,109939.16666666669,SIN MARCA,0.0,0.0,0.0,2025-09-01,30.0,25.0,58.0,28.0,32.0,3.4641016151377717,32.666666666666664,5.354126134736339,-1.0,-1.8369701987210297e-16,11.607691557391915,1.2897435063768794,4.308559482792009,0,592,1
MC,2025,10,30.0,30,75.0,93132.36666666668,SIN MARCA,0.0,0.0,0.0,2025-10-01,36.0,30.0,35.0,27.0,32.0,3.4641016151377717,31.833333333333332,5.307227776030223,-0.8660254037844386,0.5000000000000001,11.441787795046631,1.1441787795046632,4.330733340286331,0,592,1
MC,2025,11,31.0,31,75.0,82691.3870967742,SIN MARCA,0.0,0.0,0.0,2025-11-01,30.0,30.0,40.0,23.0,32.333333333333336,3.214550253664337,30.333333333333332,3.5023801430836663,-0.5000000000000004,0.8660254037844384,11.322882822321963,1.029352983847451,4.330733340286331,0,592,1
MC,2025,12,32.0,32,75.0,107941.4375,SIN MARCA,0.0,0.0,0.0,2025-12-01,31.0,36.0,25.0,16.0,31.0,1.0000000000000653,31.5,2.3452078799117273,-2.4492935982947064e-16,1.0,11.589353377907658,0.9657794481589715,4.330733340286331,0,592,1
MC,2026,1,40.0,40,75.0,97590.725,SIN MARCA,0.0,0.0,0.0,2026-01-01,32.0,30.0,30.0,31.0,34.333333333333336,4.932882862316257,33.166666666666664,4.020779360604939,0.49999999999999994,0.8660254037844387,11.488547983970681,11.488547983970681,4.330733340286331,0,592,1
MC,2026,2,45.0,45,75.0,97318.11111111112,SIN MARCA,0.0,0.0,0.0,2026-02-01,40.0,31.0,30.0,33.0,39.0,6.5574385243020075,35.666666666666664,5.887840577551887,0.8660254037844386,0.5000000000000001,11.485750663184467,5.742875331592233,4.330733340286331,0,592,1
MC,2026,3,32.0,32,75.0,90935.84375,SIN MARCA,0.0,0.0,0.0,2026-03-01,45.0,32.0,36.0,58.0,39.0,6.5574385243020075,35.0,6.066300355241233,1.0,6.123233995736766e-17,11.417920519827064,3.8059735066090212,4.330733340286331,0,592,1
MC,2026,4,54.0,54,75.0,95417.18518518518,SIN MARCA,0.0,0.0,0.0,2026-04-01,32.0,40.0,30.0,35.0,43.666666666666664,11.060440015358044,39.0,9.208691546577054,0.8660254037844387,-0.4999999999999998,11.466024459660401,2.8665061149151003,4.330733340286331,0,592,1
MC,2026,5,29.0,29,75.0,90378.31034482758,SIN MARCA,0.0,0.0,0.0,2026-05-01,54.0,45.0,31.0,40.0,38.333333333333336,13.65039681962885,38.666666666666664,9.584710046040328,0.49999999999999994,-0.8660254037844387,11.411770652319069,2.2823541304638137,4.330733340286331,0,592,1
